{"loss": [0.874232292175293, 0.8232093453407288, 0.7758418917655945, 0.726061999797821, 0.6716031432151794, 0.6270320415496826, 0.591819703578949, 0.5680312514305115, 0.5466398596763611, 0.5251874923706055, 0.4997551143169403, 0.4824801981449127, 0.4655562937259674, 0.444358229637146, 0.44855996966362, 0.42686930298805237, 0.4098677635192871, 0.4040701389312744, 0.3951258957386017, 0.3833853304386139, 0.39464783668518066, 0.3875371217727661, 0.3757607042789459, 0.3717564046382904, 0.3668918311595917, 0.3641175329685211, 0.3627951443195343, 0.36132702231407166, 0.3655238151550293, 0.3641211986541748, 0.36285266280174255, 0.3583795130252838, 0.363213449716568, 0.36804690957069397, 0.35537704825401306, 0.35403916239738464, 0.3521251976490021, 0.3518087863922119, 0.3572213351726532, 0.3622934818267822, 0.35105207562446594, 0.3467750549316406, 0.3553658723831177, 0.35086795687675476, 0.35094234347343445, 0.34938982129096985, 0.3448543846607208, 0.3466891348361969, 0.3460378348827362, 0.3448505401611328, 0.3478811979293823, 0.3383897542953491, 0.3409770429134369, 0.33911189436912537, 0.3416192829608917, 0.33975717425346375, 0.3371979296207428, 0.3353247344493866, 0.3334747552871704, 0.3359971046447754, 0.33144617080688477, 0.3319287598133087, 0.3322020173072815, 0.33011433482170105, 0.3378700315952301, 0.3279127776622772, 0.33305075764656067, 0.33049723505973816, 0.33266589045524597, 0.33328869938850403, 0.32948318123817444, 0.32669052481651306, 0.3261192739009857, 0.3251740038394928, 0.3224673569202423, 0.32330086827278137, 0.32300451397895813, 0.32523298263549805, 0.3215896785259247, 0.32247936725616455, 0.32621169090270996, 0.3263210654258728, 0.31976667046546936, 0.32174375653266907, 0.31875255703926086, 0.3188398480415344, 0.31958484649658203, 0.31825754046440125, 0.32099300622940063, 0.31898048520088196, 0.31804490089416504, 0.31829771399497986, 0.31622764468193054, 0.3164755403995514, 0.3204739987850189, 0.324355810880661, 0.3184063136577606, 0.3165183961391449, 0.31401312351226807, 0.3149302303791046, 0.31927797198295593, 0.31629714369773865, 0.3182913064956665, 0.321673721075058, 0.32198455929756165, 0.3199862539768219, 0.315463662147522, 0.3114372789859772, 0.312723845243454, 0.3111816942691803, 0.31199970841407776, 0.31447625160217285, 0.3149818181991577, 0.3141581416130066, 0.31301507353782654, 0.3076775074005127, 0.3081117570400238, 0.30752989649772644, 0.3087882995605469, 0.31236031651496887], "mse": [0.008287107571959496, 0.00974405650049448, 0.009979466907680035, 0.009789633564651012, 0.010082564316689968, 0.010217765346169472, 0.010019508190453053, 0.010008302517235279, 0.009744889102876186, 0.009364333935081959, 0.009424532763659954, 0.00951362494379282, 0.00976352859288454, 0.010109435766935349, 0.009770509786903858, 0.00993647426366806, 0.01085228193551302, 0.011158227920532227, 0.010055769234895706, 0.009454100392758846, 0.008981624618172646, 0.009180660359561443, 0.009488064795732498, 0.009230772033333778, 0.008832339197397232, 0.008578578941524029, 0.008329222910106182, 0.00815734826028347, 0.008152083493769169, 0.007935893721878529, 0.007948932237923145, 0.007677847053855658, 0.007964945398271084, 0.007916229777038097, 0.0076712495647370815, 0.007446144241839647, 0.007383355405181646, 0.007224158849567175, 0.007248960435390472, 0.007108312100172043, 0.007194352801889181, 0.0069467234425246716, 0.007077204063534737, 0.006961476523429155, 0.0067969118244946, 0.006830573547631502, 0.006654512137174606, 0.006635047495365143, 0.0066397725604474545, 0.006547784432768822, 0.006662467494606972, 0.00635787658393383, 0.006439184304326773, 0.0062784538604319096, 0.006423531100153923, 0.006695883348584175, 0.006621803622692823, 0.006453959736973047, 0.006269577890634537, 0.006231790408492088, 0.006160220131278038, 0.006250778678804636, 0.006069911178201437, 0.00602811248973012, 0.006125763524323702, 0.005954988766461611, 0.005944021511822939, 0.005813245195895433, 0.005843030754476786, 0.005685100797563791, 0.005500367376953363, 0.005508995149284601, 0.005554035771638155, 0.005440378095954657, 0.0052322023548185825, 0.005221239756792784, 0.005338059738278389, 0.00521981343626976, 0.005198255181312561, 0.005209954921156168, 0.005210971925407648, 0.005084184464067221, 0.005004148464649916, 0.005128092598170042, 0.004963469225913286, 0.0049424306489527225, 0.0048886449076235294, 0.004880605265498161, 0.0047737909480929375, 0.004791321698576212, 0.00483729550614953, 0.004685210529714823, 0.004687939304858446, 0.004669401794672012, 0.004739922937005758, 0.004963043611496687, 0.005050546023994684, 0.00481652095913887, 0.004861528053879738, 0.00487912492826581, 0.004981251433491707, 0.004679055418819189, 0.004788611549884081, 0.0054613822139799595, 0.005578120704740286, 0.005266315769404173, 0.005125921685248613, 0.00487299682572484, 0.004683204460889101, 0.004529159050434828, 0.004527486395090818, 0.004599707201123238, 0.00498511316254735, 0.005020846147090197, 0.0049604023806750774, 0.004738250747323036, 0.00450488505885005, 0.004445196595042944, 0.004583243280649185, 0.004579971078783274]}