{"loss": [0.7922510504722595, 0.6741988062858582, 0.6812949180603027, 0.6461369395256042, 0.6315891146659851, 0.6056907773017883, 0.5760777592658997, 0.5471030473709106, 0.5161833167076111, 0.4873451888561249, 0.4631849229335785, 0.44259437918663025, 0.4310756027698517, 0.4172934591770172, 0.41290974617004395, 0.4087149202823639, 0.3775228261947632, 0.35347723960876465, 0.33466121554374695, 0.3206358551979065, 0.3340769112110138, 0.3247295320034027, 0.318046897649765, 0.31020909547805786, 0.30732378363609314, 0.30836156010627747, 0.30390769243240356, 0.3002574145793915, 0.3094048500061035, 0.31680828332901, 0.3042963445186615, 0.306371808052063, 0.30362167954444885, 0.30316174030303955, 0.2989456355571747, 0.29302600026130676, 0.29417312145233154, 0.2927669584751129, 0.2909298241138458, 0.29011085629463196, 0.29298868775367737, 0.2878760099411011, 0.2936001121997833, 0.2957855761051178, 0.2948690354824066, 0.2940707504749298, 0.2882544696331024, 0.2852426767349243, 0.28467857837677, 0.2871456444263458, 0.28249627351760864, 0.2855837941169739, 0.2816539704799652, 0.2961561679840088, 0.29192817211151123, 0.2805453836917877, 0.28738436102867126, 0.2817365229129791, 0.2807576656341553, 0.278880774974823, 0.2773799002170563, 0.2751937806606293, 0.27448800206184387, 0.27468937635421753, 0.27568939328193665, 0.2756597399711609, 0.2781111001968384, 0.2804428040981293, 0.28013309836387634, 0.2785671055316925, 0.2760048508644104], "mse": [0.005538236349821091, 0.008003086782991886, 0.006531178951263428, 0.006118651479482651, 0.006091029848903418, 0.006031551863998175, 0.006203388795256615, 0.006117184180766344, 0.006241170689463615, 0.006514985579997301, 0.00640498474240303, 0.00608357647433877, 0.0061348360031843185, 0.005690794438123703, 0.005481140222400427, 0.005499930586665869, 0.005478832870721817, 0.005349844228476286, 0.0052725994028151035, 0.005098577123135328, 0.005196396727114916, 0.00518978713080287, 0.00488725770264864, 0.004798885900527239, 0.004742815159261227, 0.004689265973865986, 0.004553006961941719, 0.004497330170124769, 0.004420991521328688, 0.004908878821879625, 0.004862723406404257, 0.004797533620148897, 0.00484892725944519, 0.004638856276869774, 0.00471072131767869, 0.004678326193243265, 0.0044750040397048, 0.004333357326686382, 0.004214833024889231, 0.0041887834668159485, 0.0041965823620557785, 0.004269355908036232, 0.0041648950427770615, 0.004383227322250605, 0.004577030893415213, 0.00436798669397831, 0.0042989253997802734, 0.004330013412982225, 0.004179580602794886, 0.004124748520553112, 0.004143944941461086, 0.004100396763533354, 0.004118015989661217, 0.004282648209482431, 0.004479229915887117, 0.004324615467339754, 0.0042617893777787685, 0.0043574790470302105, 0.004240917507559061, 0.0045028203167021275, 0.004269379656761885, 0.004165808204561472, 0.004085875581949949, 0.004073741380125284, 0.004119843244552612, 0.004202645272016525, 0.004137144424021244, 0.004199796821922064, 0.004078210331499577, 0.0041331141255795956, 0.004093396943062544]}