{"loss": [0.8962361812591553, 0.8369445204734802, 0.7789191603660583, 0.727120578289032, 0.6838200688362122, 0.6681271195411682, 0.6527469754219055, 0.5990146994590759, 0.5762967467308044, 0.5524497032165527, 0.532157838344574, 0.5076020359992981, 0.49014922976493835, 0.4605337381362915, 0.45229819416999817, 0.44436904788017273, 0.4298360049724579, 0.398531049489975, 0.38928115367889404, 0.38141193985939026, 0.3728979527950287, 0.36071574687957764, 0.3593747615814209, 0.36571964621543884, 0.38840803503990173], "mse": [0.0068412586115300655, 0.008465221151709557, 0.007712302729487419, 0.007937739603221416, 0.0077406540513038635, 0.0076637533493340015, 0.008403860032558441, 0.007342364639043808, 0.007207488175481558, 0.007392896804958582, 0.007758965250104666, 0.007310304790735245, 0.007586674764752388, 0.00740096578374505, 0.007533832918852568, 0.008195285685360432, 0.007784909103065729, 0.007843521423637867, 0.007307809311896563, 0.007571408059448004, 0.007243265863507986, 0.006966631859540939, 0.006794922519475222, 0.006763793062418699, 0.006823877338320017]}