{"loss": [0.8046436309814453, 0.6722862124443054, 0.5868931412696838, 0.5384508967399597, 0.4991937577724457, 0.4606987535953522, 0.4647831916809082, 0.4194769859313965, 0.3886372148990631, 0.3617982864379883, 0.3478733003139496, 0.35001567006111145, 0.32537439465522766, 0.328407883644104, 0.3600587844848633], "mse": [0.005577258765697479, 0.008110417053103447, 0.011762249283492565, 0.011005234904587269, 0.010925416834652424, 0.010366472415626049, 0.010312535800039768, 0.009962973184883595, 0.009624081663787365, 0.009617883712053299, 0.009798727929592133, 0.009471631608903408, 0.00943377148360014, 0.009729210287332535, 0.009692211635410786]}