{"loss": [0.35570716857910156, 0.35577988624572754, 0.34118297696113586, 0.3394310176372528, 0.3277834951877594, 0.32524845004081726, 0.3225986063480377, 0.32168078422546387, 0.31663647294044495, 0.3156673312187195, 0.3167741298675537, 0.31076380610466003, 0.3142840564250946, 0.3154946267604828], "mse": [0.0073278057388961315, 0.007045300677418709, 0.006745378021150827, 0.006904555018991232, 0.006701401900500059, 0.006585351657122374, 0.006430292502045631, 0.00625642342492938, 0.006260062102228403, 0.006200764328241348, 0.005952427163720131, 0.0058754910714924335, 0.005942855030298233, 0.005671451333910227]}