{"loss": [1.0371768474578857, 0.9374105334281921, 0.918233335018158, 0.906642496585846, 0.8988086581230164, 0.892753541469574, 0.8863335251808167, 0.877275288105011, 0.867834746837616, 0.8554474711418152, 0.8384434580802917, 0.8219987750053406, 0.8178851008415222, 0.8154905438423157, 0.8104330897331238, 0.8092899322509766, 0.8059344291687012, 0.8028852343559265, 0.797981321811676, 0.7860777974128723, 0.7693400979042053, 0.7420418858528137, 0.7078862190246582, 0.6688385605812073, 0.6256563067436218, 0.5865269303321838, 0.5579718947410583, 0.5271032452583313, 0.4984244406223297, 0.46403899788856506, 0.4343801438808441, 0.41017183661460876, 0.4033620357513428, 0.40914666652679443, 0.3905630111694336, 0.3622376620769501, 0.3470112383365631, 0.3352215588092804, 0.34046363830566406, 0.33196333050727844, 0.31947898864746094, 0.31888696551322937, 0.3122271001338959, 0.3153829574584961, 0.29873618483543396, 0.3016654849052429, 0.304512619972229, 0.30457594990730286, 0.30962997674942017, 0.30144166946411133, 0.29977497458457947, 0.300149530172348, 0.29483070969581604, 0.2835918962955475, 0.28482362627983093, 0.2905460000038147, 0.27845606207847595, 0.28045132756233215, 0.2756541669368744, 0.28824588656425476, 0.27929574251174927, 0.2777414917945862, 0.27638712525367737, 0.3294360935688019, 0.2845105230808258, 0.29334840178489685, 0.2915356457233429], "mse": [0.008413707837462425, 0.011946159414947033, 0.012022066861391068, 0.011842896230518818, 0.01180755253881216, 0.011586473323404789, 0.011410694569349289, 0.011260323226451874, 0.011175919324159622, 0.011081542819738388, 0.010845494456589222, 0.01083300355821848, 0.011106525547802448, 0.01048245932906866, 0.00944351777434349, 0.008666201494634151, 0.009140879847109318, 0.00890921801328659, 0.009925671853125095, 0.010015636682510376, 0.010048841126263142, 0.010742414742708206, 0.01135884691029787, 0.011076168157160282, 0.010108147747814655, 0.010045538656413555, 0.009906203486025333, 0.009953059256076813, 0.009710537269711494, 0.010083073750138283, 0.00940956361591816, 0.010627820156514645, 0.011535093188285828, 0.011360357515513897, 0.010746069252490997, 0.010397120378911495, 0.010269474238157272, 0.010219520889222622, 0.010216714814305305, 0.01007926743477583, 0.009707736782729626, 0.01007902342826128, 0.009663145057857037, 0.009670055471360683, 0.009198524057865143, 0.009125701151788235, 0.009221099317073822, 0.008995916694402695, 0.00902654230594635, 0.008766892366111279, 0.008651945739984512, 0.008181857876479626, 0.00830912310630083, 0.00787386205047369, 0.008117112331092358, 0.008324244059622288, 0.007821007631719112, 0.007741160690784454, 0.008301260881125927, 0.007669450249522924, 0.007880729623138905, 0.007807000074535608, 0.007576081436127424, 0.007624585181474686, 0.007671836763620377, 0.007996751926839352, 0.0073052081279456615]}