{"loss": [1.8088575601577759, 0.9363718628883362, 0.904585599899292, 0.8851693272590637, 0.8724152445793152, 0.8625515103340149, 0.8528468012809753, 0.8474144339561462, 0.8439922332763672, 0.8372225165367126, 0.8305265307426453, 0.8190967440605164, 0.8043219447135925, 0.7812671065330505, 0.7458893656730652, 0.7011905312538147, 0.6474923491477966, 0.5931202173233032, 0.5595676898956299, 0.5368319153785706, 0.5291186571121216, 0.5042570233345032, 0.4676918089389801, 0.45784902572631836, 0.43722593784332275, 0.43379756808280945, 0.42986157536506653, 0.43411457538604736, 0.425054669380188, 0.40371814370155334, 0.40422025322914124, 0.3961583077907562, 0.39632341265678406, 0.3910537660121918, 0.3873237371444702, 0.3806796371936798, 0.37784576416015625, 0.3737901449203491, 0.37508437037467957, 0.3703065812587738, 0.36890697479248047, 0.3651719391345978, 0.3637242317199707, 0.37927737832069397, 0.36189353466033936, 0.3701566755771637, 0.36109116673469543, 0.3621548116207123, 0.361250638961792, 0.3577509820461273, 0.3486095666885376, 0.35146352648735046, 0.34107208251953125, 0.34860244393348694, 0.34326839447021484, 0.3433341681957245, 0.3464621603488922, 0.33639344573020935, 0.33447036147117615, 0.3348682224750519, 0.33810222148895264, 0.33050984144210815, 0.331638365983963, 0.33986949920654297, 0.3412608206272125, 0.34614184498786926, 0.32725420594215393, 0.35422924160957336, 0.35271477699279785, 0.3533441722393036, 0.3568708002567291, 0.36108747124671936, 0.37945792078971863, 0.33471032977104187, 0.3481917381286621], "mse": [0.009978294372558594, 0.013069423846900463, 0.0118528688326478, 0.011611678637564182, 0.011635984294116497, 0.011260473169386387, 0.011005677282810211, 0.010706556029617786, 0.010488110594451427, 0.01021979283541441, 0.010296154767274857, 0.010110768489539623, 0.010117465630173683, 0.01051392126828432, 0.011071991175413132, 0.01143859326839447, 0.011867583729326725, 0.012046595104038715, 0.011724427342414856, 0.011407461948692799, 0.011579294688999653, 0.01158739160746336, 0.011376199312508106, 0.010746609419584274, 0.010274071246385574, 0.010080601088702679, 0.01003830786794424, 0.01024758443236351, 0.010306998156011105, 0.010175169445574284, 0.010215774178504944, 0.00990364607423544, 0.00981332641094923, 0.009959102608263493, 0.00992300733923912, 0.009528540074825287, 0.009500582702457905, 0.009586661122739315, 0.0094749815762043, 0.009768351912498474, 0.0096353180706501, 0.00961698405444622, 0.00957088265568018, 0.009617596864700317, 0.009577137418091297, 0.009493597783148289, 0.009183943271636963, 0.009118575602769852, 0.00929068773984909, 0.008974654600024223, 0.009000454097986221, 0.009405742399394512, 0.00916545744985342, 0.009329751133918762, 0.009358364157378674, 0.00917330477386713, 0.009126597084105015, 0.008947612717747688, 0.009027360938489437, 0.008806783705949783, 0.009038605727255344, 0.009373150765895844, 0.00903098564594984, 0.009052465669810772, 0.009333754889667034, 0.009148849174380302, 0.009316165931522846, 0.00926942378282547, 0.009658655151724815, 0.009683636017143726, 0.009695659391582012, 0.009364478290081024, 0.009466842748224735, 0.009569583460688591, 0.009363054297864437]}