{"loss": [0.8470507264137268, 0.7567607760429382, 0.6923808455467224, 0.6464148163795471, 0.5984571576118469, 0.5599809288978577, 0.530534565448761, 0.5009323954582214, 0.47352996468544006, 0.4666450023651123, 0.4764047861099243, 0.440248966217041, 0.4145629405975342, 0.40586861968040466, 0.39912858605384827, 0.39497730135917664, 0.38996806740760803, 0.3903410732746124, 0.36992010474205017, 0.39412248134613037, 0.3933146893978119, 0.35807597637176514, 0.3586054742336273, 0.3628343641757965, 0.3570777475833893, 0.34745466709136963, 0.3422328233718872, 0.34779801964759827, 0.36938372254371643, 0.364644855260849, 0.36619770526885986, 0.3495427072048187, 0.3509961664676666, 0.33611583709716797, 0.34304532408714294, 0.3545014560222626, 0.36985984444618225, 0.3808235824108124, 0.35076960921287537, 0.362480491399765, 0.3891071379184723, 0.406231164932251], "mse": [0.006814741995185614, 0.006760527845472097, 0.007049763109534979, 0.007692720275372267, 0.006802267860621214, 0.006772080436348915, 0.00620906800031662, 0.006404602434486151, 0.006065035704523325, 0.006303147878497839, 0.0066192117519676685, 0.00632295710965991, 0.005887242499738932, 0.006063268985599279, 0.005588984582573175, 0.0059568374417722225, 0.005610717460513115, 0.005293898284435272, 0.005422455724328756, 0.005383114796131849, 0.00514347106218338, 0.005272580776363611, 0.005281358957290649, 0.0051142568700015545, 0.004914645105600357, 0.004680317360907793, 0.0045693255960941315, 0.004681043792515993, 0.004852522164583206, 0.004779066424816847, 0.004549686331301928, 0.0042992448434233665, 0.004503553733229637, 0.004506201948970556, 0.004368944093585014, 0.004628228023648262, 0.00561949610710144, 0.005786039400845766, 0.005675591062754393, 0.00521996570751071, 0.0051987008191645145, 0.005824097897857428]}