{"loss": [0.9623699188232422, 0.9272811412811279, 0.909762442111969, 0.8823193907737732, 0.8804333209991455, 0.8422949910163879, 0.8426296710968018, 0.8196418285369873, 0.7907981276512146, 0.7728777527809143, 0.760822594165802, 0.7455478310585022, 0.7241683006286621, 0.6847909092903137, 0.6851298213005066, 0.6563796997070312, 0.636175274848938, 0.6378859877586365, 0.607694149017334, 0.6014028191566467, 0.5773848295211792, 0.5533899664878845, 0.561016321182251, 0.5293293595314026, 0.5195868611335754, 0.5096563696861267, 0.5028738975524902, 0.4837919771671295, 0.4881327152252197, 0.48008957505226135, 0.4680628776550293, 0.48926088213920593, 0.4744630753993988, 0.4691168963909149, 0.46515917778015137, 0.4530590772628784, 0.4675520658493042, 0.46867749094963074, 0.4652961194515228, 0.461220383644104, 0.4618801176548004, 0.4676542580127716, 0.4527830183506012, 0.44453632831573486, 0.4474029541015625, 0.45379725098609924, 0.45342162251472473, 0.44752705097198486, 0.45210328698158264, 0.4489689767360687, 0.44852426648139954, 0.44217541813850403, 0.4469245970249176, 0.44961249828338623, 0.4432328939437866, 0.4444410800933838, 0.4511619508266449, 0.44521424174308777, 0.4399450719356537, 0.4330402910709381, 0.44848278164863586, 0.4411148726940155, 0.4342755973339081, 0.44166556000709534, 0.4432481825351715, 0.4402056038379669, 0.43217024207115173, 0.43555665016174316, 0.4297785758972168, 0.4344193637371063, 0.4318956434726715, 0.4343366324901581, 0.439645379781723, 0.4389364719390869, 0.4365103244781494, 0.4360915720462799, 0.4244440495967865, 0.4402014911174774, 0.4234829246997833, 0.43723344802856445, 0.43942368030548096, 0.43147775530815125, 0.43654537200927734, 0.4204670488834381, 0.4393989145755768, 0.42131710052490234, 0.4254258871078491, 0.4328782260417938, 0.4408457577228546, 0.4311246871948242, 0.4262067377567291, 0.42244014143943787], "kl-div": [0.0012092579854652286, 0.0011616136180236936, 0.0011298407334834337, 0.0011068979511037469, 0.0010983163956552744, 0.00110178766772151, 0.001116158557124436, 0.0011308518005535007, 0.00115261843893677, 0.0011857389472424984, 0.001224430976435542, 0.0012672491138800979, 0.0013146240962669253, 0.0013624142156913877, 0.0014144033193588257, 0.0014718660386279225, 0.0015384997241199017, 0.0016126115806400776, 0.0016877884045243263, 0.0017710746033117175, 0.0018584575736895204, 0.0019516759784892201, 0.0020423063542693853, 0.002129899337887764, 0.002209660829976201, 0.002286443253979087, 0.002356245182454586, 0.0024181401822715998, 0.0024726949632167816, 0.0025224064011126757, 0.0025643857661634684, 0.002596690086647868, 0.002635510405525565, 0.00266627105884254, 0.002688838867470622, 0.002715298207476735, 0.0027277807239443064, 0.002745939651504159, 0.002770613878965378, 0.002790870377793908, 0.0028040700126439333, 0.0028181455563753843, 0.002839556895196438, 0.0028525551315397024, 0.002861619694158435, 0.0028716791421175003, 0.002889184281229973, 0.0029002383816987276, 0.0029198359698057175, 0.0029411569703370333, 0.0029438526835292578, 0.0029556911904364824, 0.0029692233074456453, 0.002978722332045436, 0.0029778294265270233, 0.0029927545692771673, 0.0030153898987919092, 0.0030180022586137056, 0.003026328282430768, 0.003038749098777771, 0.0030506213661283255, 0.0030571341048926115, 0.003051971783861518, 0.0030648827087134123, 0.0030811161268502474, 0.0030874311923980713, 0.0030859799589961767, 0.003090926678851247, 0.003106969641521573, 0.0031159527134150267, 0.003125932766124606, 0.0031405871268361807, 0.003128133714199066, 0.003129137447103858, 0.003141875611618161, 0.0031484488863497972, 0.0031390415970236063, 0.003132410114631057, 0.00315074366517365, 0.003162957727909088, 0.0031685761641710997, 0.0031729135662317276, 0.0031823411118239164, 0.0031898312736302614, 0.00319739431142807, 0.003206944791600108, 0.003212208626791835, 0.0032186955213546753, 0.0032084209378808737, 0.003199554281309247, 0.0032096209470182657, 0.0032135455403476954], "mse": [0.003613800508901477, 0.0031064299400895834, 0.0029529042076319456, 0.002981501864269376, 0.002922794781625271, 0.0029634330421686172, 0.0028815714176744223, 0.002855166792869568, 0.0027109466027468443, 0.0028574217576533556, 0.002793923718854785, 0.002852071775123477, 0.0028926164377480745, 0.002912855939939618, 0.0029877189081162214, 0.003027909668162465, 0.003156302496790886, 0.003144886577501893, 0.003217648481950164, 0.0032429788261651993, 0.003266877494752407, 0.0033092405647039413, 0.0033371502067893744, 0.0033020831178873777, 0.0032834007870405912, 0.003297668183222413, 0.0032573307398706675, 0.0032098686788231134, 0.003239070065319538, 0.003220406360924244, 0.0032105145510286093, 0.003159845247864723, 0.003208495443686843, 0.0031329684425145388, 0.0031752788927406073, 0.003190050134435296, 0.0031324971932917833, 0.003124623792245984, 0.0030437542591243982, 0.00298434984870255, 0.0029661625158041716, 0.0029711152892559767, 0.002934627002105117, 0.002932025818154216, 0.0029650426004081964, 0.002928036032244563, 0.0029229987412691116, 0.002880663378164172, 0.0028180107474327087, 0.0027682119980454445, 0.002814849838614464, 0.002775282599031925, 0.0027846035081893206, 0.002834622748196125, 0.0027826849836856127, 0.002721957163885236, 0.0027209941763430834, 0.0027152083348482847, 0.002737491624429822, 0.0026761777698993683, 0.0027008261531591415, 0.0027399456594139338, 0.0027952324599027634, 0.00268396083265543, 0.0026982531417161226, 0.002637377707287669, 0.0026456399355083704, 0.0026462178211659193, 0.0025923114735633135, 0.0025911752600222826, 0.0026095195207744837, 0.002621453022584319, 0.002600404666736722, 0.002565225353464484, 0.0025625480338931084, 0.0026095642242580652, 0.0026010542642325163, 0.0026259999722242355, 0.0026228248607367277, 0.0026104010175913572, 0.0025951305869966745, 0.0026087805163115263, 0.0025631217285990715, 0.0025560774374753237, 0.002600547391921282, 0.002553202211856842, 0.002536111744120717, 0.002607259899377823, 0.002577282255515456, 0.0025482208002358675, 0.0025451190304011106, 0.0025648034643381834]}