{"loss": [0.5604259967803955, 0.5511045455932617, 0.5419203042984009, 0.5400394797325134, 0.5353474020957947, 0.5327615737915039, 0.5303635597229004, 0.5281404852867126, 0.5267109274864197, 0.5244141817092896, 0.5244373083114624, 0.522875964641571, 0.5242980122566223, 0.5217722654342651, 0.5204573273658752, 0.5198686718940735, 0.5195528864860535, 0.5191584229469299, 0.5195390582084656, 0.5184938311576843, 0.5175976753234863, 0.5187718868255615, 0.5194889903068542, 0.5190224647521973, 0.5176189541816711, 0.5203809142112732, 0.5159287452697754, 0.5182631611824036, 0.5163129568099976, 0.5177772641181946, 0.5162134766578674, 0.5195547938346863, 0.5179216265678406, 0.5191280841827393, 0.5174317359924316], "mse": [0.004442465491592884, 0.004210826940834522, 0.004099258221685886, 0.004030190408229828, 0.00402957433834672, 0.004068573005497456, 0.0041673132218420506, 0.004133435897529125, 0.00415027653798461, 0.00408518360927701, 0.004078099504113197, 0.004025040660053492, 0.004012345802038908, 0.0040103415958583355, 0.004009594209492207, 0.003971070982515812, 0.003943460527807474, 0.003934286069124937, 0.00391394691541791, 0.0039015316870063543, 0.003851915942505002, 0.003863225458189845, 0.003870795713737607, 0.003857676638290286, 0.0038023104425519705, 0.003758977400138974, 0.0037915913853794336, 0.003908474929630756, 0.0038606449961662292, 0.0038494067266583443, 0.0038023891393095255, 0.0037999495398253202, 0.0037758436519652605, 0.0037244015838950872, 0.003709816373884678]}